Date,Rolling_Volatility
2018-07-06,0.12226630618744141
2018-07-09,0.12540448614800956
2018-07-10,0.09387326868392958
2018-07-11,0.17930676609841906
2018-07-12,0.08696140579162559
2018-07-13,0.28141058813877595
2018-07-16,0.4539048068862221
2018-07-17,0.2227898999277878
2018-07-18,0.10337963630568942
2018-07-19,0.0701556371638143
2018-07-20,0.1357125099026056
2018-07-23,0.15574918824356643
2018-07-24,0.06611717740249043
2018-07-25,0.10309858204971033
2018-07-26,0.1356853097795138
2018-07-27,0.18969297392462275
